,Cluster,Analysis,Result,date.1D,alpha,max(R1),FQ1,FQ2,best.source1,best.source2,alpha2,best.source1.ev2,best.source2.ev2,date.2D.1,date.2D.2,maxScore2ev,alpha2.date1,best.source1.date1,best.source2.date1,alpha2.date2,best.source1.date2,best.source2.date2,pval,nump,date.1D.H,date.1D.L,Date.CI,date.2D.2.H,date.2D.2.L,Date2b.CI,date.2D.1.H,date.2D.1.L,Date2a.CI,FinalResult
21,JOLACEU400g90p,main,1D,6.87212847278114,0.49,0.739,0.989,0.999,WOLLOF,FULAI,0.43,FULAI,MANJAGO,5.62974304400451,140.688527794322,0.07,0.47,WOLLOF,FULAI,0.4,MANJAGO,FULAI,1,0,NA,NA,NA,NA,NA,NA,NA,NA,NA,1D
102,MALAWIJOLA100g95p,ancient,2D,40.5791166052559,0.13,0.859,0.991,0.998,MZIGUA,MZIGUA,0.19,SEBANTU,MZIGUA,74.1560319652749,106.678784580115,0.73,0.16,MANDINKAI,MZIGUA,0.15,AMAXHOSA,MZIGUA,1,0,NA,NA,NA,NA,NA,NA,NA,NA,NA,1D
100,MALAWIJOLA100g90p,ancient,2D,52.4212815678941,0.24,0.934,0.999,1,MANDINKAII,MZIGUA,0.2,SEBANTU,MZIGUA,68.167029903953,178.512524991068,0.69,0.17,MANDINKAI,MZIGUA,0.24,SEBANTU,MZIGUA,1,0,NA,NA,NA,NA,NA,NA,NA,NA,NA,1D
98,MALAWIJOLA100g80p,ancient,2D,77.6308746337891,0.26,0.95,1,1,MANDINKAI,MZIGUA,0.2,SEBANTU,MZIGUA,145.280170238805,145.615742947329,0.57,0.31,MANDINKAI,MZIGUA,0.19,KARRETJIE,MZIGUA,1,0,NA,NA,NA,NA,NA,NA,NA,NA,NA,1D
73,JUHOANJOLA100g80p,main,2D,81.2984008789062,0.32,0.941,0.999,1,MANDINKAI,KARRETJIE,0.15,SEMI.BANTU,XUN,5.85457296203702,98.3909041471768,0.61,0.03,MANDINKAII,XUN,0.31,MANDINKAI,KARRETJIE,1,0,87,74,(605B-234B),NA,NA,NA,NA,NA,NA,1D
13,JOLACEU300g80p,main,2D,5.09284537354605,0.37,0.716,0.838,0.999,FULAI,FULAI,0.36,FULAI,FULAI,4.21152420502841,253.29098693029,0.52,0.32,FULAI,FULAI,0.18,GBR,MANJAGO,1,0,NA,NA,NA,NA,NA,NA,NA,NA,NA,1MW
19,JOLACEU400g80p,main,1MW,6.14212815678941,0.41,0.644,0.922,0.999,FULAI,FULAI,0.48,FULAI,FULAI,4.28077513115451,106.698960395937,0.09,0.45,FULAI,FULAI,0.29,WOLLOF,FULAI,1,0,NA,NA,NA,NA,NA,NA,NA,NA,NA,1MW
15,JOLACEU300g90p,main,1D,7.27384007373499,0.43,0.717,0.983,1,FULAI,WOLLOF,0.49,FULAI,MANJAGO,5.04040586525599,109.968774545649,0.25,0.41,FULAI,FULAI,0.44,FULAI,MANJAGO,1,0,NA,NA,NA,NA,NA,NA,NA,NA,NA,1D
22,JOLACEU400g90p,ancient,2D,39.6996081310215,0.37,0.612,0.973,1,SERERE,FULAI,0.36,MANJAGO,FULAI,1.00002995503155,153.627286120483,0.5,0.48,FULAI,FULAI,0.45,FULAI,MANJAGO,1,0,NA,NA,NA,NA,NA,NA,NA,NA,NA,1MW
2,JOLACEU100g80p,ancient,2D,91.5842933654785,0.21,0.995,1,1,GBR,SERERE,0.44,FULAI,FULAI,9.84277212036218,95.9210218462195,0.46,0.33,FULAI,FULAI,0.2,GBR,SERERE,1,0,NA,NA,NA,NA,NA,NA,NA,NA,NA,1D
3,JOLACEU100g90p,main,2D,98.3613891601562,0.12,0.99,1,1,GBR,SERERE,0.27,MANJAGO,FULAI,4.38572162934066,103.088238496665,0.77,0.47,FULAI,WOLLOF,0.12,GBR,SERERE,1,0,103,92,(1062B-753B),108,94,(1225B-813B),6,3,(1745-1835),2D
1,JOLACEU100g80p,main,2D,102.726135253906,0.23,0.992,1,1,GBR,SERERE,0.22,FULAI,FULAI,4.7175788748267,103.198071062734,0.7,0.27,FULAI,FULAI,0.23,GBR,SERERE,1,0,106,99,(1151B-948B),107,98,(1184B-935B),6,3,(1741-1833),2D
9,JOLACEU200g90p,main,2D,140.574528626466,0.19,0.841,0.999,1,GBR,SERERE,0.25,SEMI.BANTU,FULAI,4.13058527338902,176.511441515803,0.72,0.46,FULAI,WOLLOF,0.12,GBR,MANJAGO,1,0,NA,NA,NA,NA,NA,NA,NA,NA,NA,1D
10,JOLACEU200g90p,ancient,2D,153.668500063666,0.15,0.973,1,1,GBR,MANJAGO,0.45,FULAI,WOLLOF,9.35390512955137,159.131508323072,0.57,0.43,FULAI,FULAI,0.15,GBR,MANJAGO,1,0,NA,NA,NA,NA,NA,NA,NA,NA,NA,1D
8,JOLACEU200g80p,ancient,2D,168.560966031763,0.25,0.982,1,1,GBR,MANJAGO,0.32,FULAI,FULAI,16.3821043417766,163.348965667274,0.45,0.49,FULAI,FULAI,0.25,GBR,MANJAGO,1,0,NA,NA,NA,NA,NA,NA,NA,NA,NA,1D
7,JOLACEU200g80p,main,2D,206.20382749053,0.22,0.876,0.999,1,GBR,SERERE,0.28,MALAWI,FULAI,5.4730794598772,211.03709686138,0.72,0.48,FULAI,FULAI,0.23,GBR,SERERE,1,0,NA,NA,NA,NA,NA,NA,NA,NA,NA,1D
16,JOLACEU300g90p,ancient,2D,209.199464192011,0.17,0.92,1,1,IBS,MANJAGO,0.32,MANJAGO,FULAI,3.85380364141155,210.747106650862,0.39,0.46,FULAI,FULAI,0.16,GBR,MANJAGO,1,0,NA,NA,NA,NA,NA,NA,NA,NA,NA,1D
14,JOLACEU300g80p,ancient,2D,221.708526709492,0.27,0.95,1,1,GBR,MANJAGO,0.33,FULAI,FULAI,13.4664338649399,211.477602028531,0.36,0.5,FULAI,FULAI,0.26,GBR,MANJAGO,1,0,NA,NA,NA,NA,NA,NA,NA,NA,NA,1D
20,JOLACEU400g80p,ancient,2D,250.0787763267,0.34,0.787,0.999,1,GBR,MANJAGO,0.37,FULAI,FULAI,10.7398924329296,297.253847254906,0.45,0.46,FULAI,FULAI,0.24,GBR,WOLLOF,1,0,NA,NA,NA,NA,NA,NA,NA,NA,NA,1D
121,JOLAMALAWI100g80p,main,2D,8.06650390625,0.22,0.825,0.884,0.999,SEMI.BANTU,SERERE,0.24,MANJAGO,SERERE,5.80879718512611,97.2915785284581,0.6,0.21,SERERE,SERERE,0.35,MZIGUA,MANDINKAI,1,0,10,7,(1645-1722),113,79,(1347B-375B),7,5,(1728-1784),2D
186,JOLAJUHOAN300g95p,ancient,2D,18.7827941003892,0.49,0.704,0.921,0.999,MANJAGO,MANJAGO,0.48,MANJAGO,MANJAGO,9.79616787329399,112.308825438396,0.63,0.41,SERERE,MANJAGO,0.23,MANJAGO,MANJAGO,1,0,NA,NA,NA,NA,NA,NA,NA,NA,NA,1MW
122,JOLAMALAWI100g80p,ancient,2D,32.7216749826085,0.45,0.752,0.953,0.999,SERERE,SERERE,0.37,MANJAGO,SERERE,13.6698310884682,58.4452454139916,0.43,0.3,SERERE,SERERE,0.46,SEMI.BANTU,SERERE,1,0,NA,NA,NA,NA,NA,NA,NA,NA,NA,1MW
139,JOLAMALAWI400g80p,main,1D,5.21366089262991,0.2,0.811,0.998,0.999,MANJAGO,SERERE,0.46,SERERE,SERERE,4.26722655847366,81.6118119449231,0.05,0.22,MANJAGO,SERERE,0.39,MANJAGO,SERERE,1,0,NA,NA,NA,NA,NA,NA,NA,NA,NA,1D
23,JOLACEU400g95p,main,1D,5.24413935312607,0.41,0.781,0.999,1,MANJAGO,WOLLOF,0.48,MANJAGO,WOLLOF,4.49910461226997,42.6033148193657,0.04,0.41,MANJAGO,WOLLOF,0.47,MANJAGO,MANJAGO,1,0,NA,NA,NA,NA,NA,NA,NA,NA,NA,1D
189,JOLAJUHOAN400g90p,main,1D,5.25941977048293,0.28,0.807,0.992,0.997,MANJAGO,MANJAGO,0.39,MANJAGO,MANJAGO,4.59421193831517,107.077046968956,0.04,0.29,MANJAGO,MANJAGO,0.45,MANJAGO,MANJAGO,1,0,NA,NA,NA,NA,NA,NA,NA,NA,NA,1D
177,JOLAJUHOAN200g90p,main,2D,5.42931659419461,0.38,0.825,0.91,1,MANJAGO,MANJAGO,0.38,MANJAGO,MANJAGO,4.47725752765963,209.998745715767,0.69,0.4,MANJAGO,MANJAGO,0.13,XUN,MANJAGO,1,0,NA,NA,NA,NA,NA,NA,NA,NA,NA,1MW
17,JOLACEU300g95p,main,1D,5.4605638807213,0.35,0.803,0.999,1,MANJAGO,WOLLOF,0.49,MANJAGO,WOLLOF,4.59528069855805,125.355817927725,0.26,0.36,MANJAGO,WOLLOF,0.31,FULAI,MANJAGO,1,0,NA,NA,NA,NA,NA,NA,NA,NA,NA,1D
135,JOLAMALAWI300g90p,main,1D,5.49192099953807,0.26,0.842,0.998,1,MANJAGO,SERERE,0.42,SERERE,SERERE,4.2731349643056,55.332094917721,0.08,0.27,MANJAGO,SERERE,0.39,SERERE,SERERE,1,0,NA,NA,NA,NA,NA,NA,NA,NA,NA,1D
187,JOLAJUHOAN400g80p,main,1D,5.55496473404183,0.27,0.81,0.984,0.999,MANJAGO,MANJAGO,0.49,MANJAGO,MANJAGO,4.32697851619706,79.5069588199568,0.12,0.26,MANJAGO,MANJAGO,0.47,MANJAGO,MANJAGO,1,0,NA,NA,NA,NA,NA,NA,NA,NA,NA,1D
191,JOLAJUHOAN400g95p,main,1D,5.57079431284907,0.31,0.797,0.997,0.999,MANJAGO,MANJAGO,0.39,MANJAGO,MANJAGO,4.04009764332105,57.8712346661667,0.07,0.29,MANJAGO,MANJAGO,0.44,MANJAGO,MANJAGO,1,0,NA,NA,NA,NA,NA,NA,NA,NA,NA,1D
143,JOLAMALAWI400g95p,main,1D,5.6025358446811,0.29,0.854,0.999,1,MANJAGO,SERERE,0.49,MANJAGO,SERERE,4.63472498119255,65.2777249927916,0.05,0.29,MANJAGO,SERERE,0.49,SERERE,MANJAGO,1,0,NA,NA,NA,NA,NA,NA,NA,NA,NA,1D
183,JOLAJUHOAN300g90p,main,1MW,5.6025358446811,0.23,0.758,0.875,0.998,MANJAGO,MANJAGO,0.45,MANJAGO,MANJAGO,4.57340662966699,143.155199718131,0.24,0.23,MANJAGO,MANJAGO,0.29,MANJAGO,MANJAGO,1,0,NA,NA,NA,NA,NA,NA,NA,NA,NA,1MW
137,JOLAMALAWI300g95p,main,1D,5.76289098819241,0.25,0.856,1,1,MANJAGO,SERERE,0.48,MANJAGO,SERERE,5.08039234326542,62.5423612413739,0.05,0.28,MANJAGO,SERERE,0.39,SERERE,MANJAGO,1,0,NA,NA,NA,NA,NA,NA,NA,NA,NA,1D
131,JOLAMALAWI200g95p,main,1D,5.84409823766753,0.21,0.849,0.998,1,MANJAGO,SERERE,0.26,SERERE,SERERE,4.5254635796114,68.5176599130698,0.09,0.22,MANJAGO,SERERE,0.4,MANJAGO,SERERE,1,0,NA,NA,NA,NA,NA,NA,NA,NA,NA,1D
133,JOLAMALAWI300g80p,main,1D,5.87677334396521,0.2,0.838,0.989,0.999,MANJAGO,SERERE,0.39,SERERE,SERERE,4.40090835485876,41.9215601139475,0.06,0.27,MANJAGO,SERERE,0.4,SERERE,SERERE,1,0,NA,NA,NA,NA,NA,NA,NA,NA,NA,1D
129,JOLAMALAWI200g90p,main,1D,5.87677334396521,0.2,0.839,0.996,0.999,MANJAGO,SERERE,0.43,SERERE,SERERE,4.66108331559141,88.2263912563241,0.1,0.22,MANJAGO,SERERE,0.36,SERERE,SERERE,1,0,NA,NA,NA,NA,NA,NA,NA,NA,NA,1D
141,JOLAMALAWI400g90p,main,1D,5.90135175112884,0.35,0.812,0.999,0.999,MANJAGO,SERERE,0.49,MANJAGO,SERERE,5.01356783258863,88.66223318918,0.07,0.39,MANJAGO,SERERE,0.27,MANJAGO,SERERE,1,0,NA,NA,NA,NA,NA,NA,NA,NA,NA,1D
181,JOLAJUHOAN300g80p,main,1MW,5.92599193895563,0.3,0.826,0.915,0.999,MANJAGO,MANJAGO,0.46,MANJAGO,MANJAGO,5.08968112202021,184.341970088304,0.22,0.28,MANJAGO,MANJAGO,0.27,XUN,MANJAGO,1,0,NA,NA,NA,NA,NA,NA,NA,NA,NA,1MW
185,JOLAJUHOAN300g95p,main,1D,6.27744153816334,0.3,0.802,0.988,0.999,MANJAGO,MANJAGO,0.5,MANJAGO,MANJAGO,5.01708369758184,101.958406505907,0.15,0.31,MANJAGO,MANJAGO,0.37,MANJAGO,MANJAGO,1,0,NA,NA,NA,NA,NA,NA,NA,NA,NA,1D
127,JOLAMALAWI200g80p,main,1MW,6.38007981323958,0.17,0.844,0.967,0.999,MANJAGO,SERERE,0.45,SERERE,SERERE,5.51515020251914,106.419702550711,0.1,0.19,MANJAGO,SERERE,0.45,SERERE,SERERE,1,0,NA,NA,NA,NA,NA,NA,NA,NA,NA,1MW
125,JOLAMALAWI100g95p,main,1D,6.51846849873564,0.2,0.868,0.989,1,MANJAGO,SERERE,0.43,SERERE,MANJAGO,5.04701306392191,89.1926736838211,0.21,0.22,MANJAGO,SERERE,0.4,SERERE,MANDINKAI,1,0,8,5,(1702-1762),122,64,(1621B-56),6,4,(1747-1805),1D
123,JOLAMALAWI100g90p,main,2D,6.71162230987097,0.22,0.833,0.976,0.999,MANJAGO,SERERE,0.3,MANJAGO,SERERE,4.41022837268723,96.5203330986474,0.46,0.24,MANJAGO,SERERE,0.31,SEMI.BANTU,MANJAGO,1,0,8,6,(1686-1757),117,61,(1479B-156),5,3,(1763-1834),2D
179,JOLAJUHOAN200g95p,main,2D,6.94417845507115,0.26,0.824,0.889,1,MANJAGO,MANJAGO,0.25,MANJAGO,MANJAGO,5.61337394079516,125.226565690741,0.6,0.25,MANJAGO,MANJAGO,0.11,XUN,MANJAGO,1,0,NA,NA,NA,NA,NA,NA,NA,NA,NA,1MW
175,JOLAJUHOAN200g80p,main,2D,7.12622547587252,0.42,0.851,0.965,1,MANJAGO,MALINKE,0.37,MANJAGO,MALINKE,2.70751063916766,172.988064197525,0.71,0.26,MANJAGO,MALINKE,0.23,XUN,MANJAGO,1,0,NA,NA,NA,NA,NA,NA,NA,NA,NA,1MW
138,JOLAMALAWI300g95p,ancient,1D,7.38570426117763,0.27,0.646,0.998,0.999,MANJAGO,SERERE,0.49,SERERE,MANJAGO,7.63578828790386,39.1281993548419,0.06,0.32,MANJAGO,SERERE,0.44,MANJAGO,MANJAGO,1,0,NA,NA,NA,NA,NA,NA,NA,NA,NA,1D
11,JOLACEU200g95p,main,2D,7.55535396223665,0.4,0.8,0.992,1,MANJAGO,WOLLOF,0.36,MANJAGO,WOLLOF,3.27819626635673,115.359451535994,0.75,0.33,MANJAGO,WOLLOF,0.16,IBS,SERERE,1,0,NA,NA,NA,NA,NA,NA,NA,NA,NA,1D
144,JOLAMALAWI400g95p,ancient,1D,8.4390625,0.34,0.705,0.998,0.999,MANJAGO,SERERE,0.49,MANJAGO,MANJAGO,10.9120051562752,44.2997707763133,0.06,0.4,MANJAGO,SERERE,0.49,MANJAGO,SERERE,1,0,NA,NA,NA,NA,NA,NA,NA,NA,NA,1D
134,JOLAMALAWI300g80p,ancient,2D,9.5851806640625,0.26,0.658,0.967,0.997,MANJAGO,SERERE,0.49,SERERE,SERERE,15.0832734956562,589.312498179566,0.38,0.25,MANJAGO,SERERE,0.33,MZIGUA,WOLLOF,1,0,NA,NA,NA,NA,NA,NA,NA,NA,NA,1MW
128,JOLAMALAWI200g80p,ancient,2D,10.2640625,0.3,0.629,0.897,0.998,SERERE,SERERE,0.47,SERERE,SERERE,15.8821917117862,251.630258157114,0.44,0.28,MANJAGO,SERERE,0.28,MZIGUA,MANJAGO,1,0,NA,NA,NA,NA,NA,NA,NA,NA,NA,1MW
142,JOLAMALAWI400g90p,ancient,1D,11.06259765625,0.28,0.629,0.996,0.997,MANJAGO,SERERE,0.39,MANJAGO,SERERE,16.6611410251264,762.605324790095,0.32,0.28,MANJAGO,SERERE,0.37,KAMBE,MANJAGO,1,0,NA,NA,NA,NA,NA,NA,NA,NA,NA,1D
140,JOLAMALAWI400g80p,ancient,1D,11.50625,0.18,0.58,0.991,0.997,MANJAGO,SERERE,0.39,SERERE,SERERE,6.56206343081814,23.7848993669519,0.07,0.36,MANJAGO,SERERE,0.46,SERERE,MANJAGO,1,0,NA,NA,NA,NA,NA,NA,NA,NA,NA,1D
136,JOLAMALAWI300g90p,ancient,1D,11.82900390625,0.25,0.66,0.992,0.999,MANJAGO,SERERE,0.48,SERERE,SERERE,13.2132334042283,48.0655459868853,0.11,0.34,MANJAGO,SERERE,0.41,SERERE,SERERE,1,0,NA,NA,NA,NA,NA,NA,NA,NA,NA,1D
192,JOLAJUHOAN400g95p,ancient,2D,12.55625,0.37,0.65,0.938,0.997,MANJAGO,MANJAGO,0.46,MANJAGO,MANJAGO,16.7794363285959,597.370412615609,0.54,0.36,MANJAGO,MANJAGO,0.09,XUN,MANJAGO,1,0,NA,NA,NA,NA,NA,NA,NA,NA,NA,1MW
190,JOLAJUHOAN400g90p,ancient,2D,12.55625,0.33,0.53,0.656,0.997,MANJAGO,MANJAGO,0.37,MANJAGO,MANJAGO,17.9298699980803,456.49286551713,0.61,0.27,MANJAGO,MANJAGO,0.14,XUN,MANJAGO,1,0,NA,NA,NA,NA,NA,NA,NA,NA,NA,1MW
132,JOLAMALAWI200g95p,ancient,1D,13.16884765625,0.26,0.653,0.99,0.999,MANJAGO,SERERE,0.39,SERERE,MANJAGO,11.4972736315995,38.5188731467275,0.12,0.34,MANJAGO,SERERE,0.48,MANJAGO,SERERE,1,0,NA,NA,NA,NA,NA,NA,NA,NA,NA,1D
130,JOLAMALAWI200g90p,ancient,1D,13.8480687375312,0.27,0.655,0.981,0.998,MANJAGO,SERERE,0.35,MANJAGO,SERERE,9.48800070203038,52.599012220479,0.2,0.36,MANJAGO,SERERE,0.47,SERERE,SERERE,1,0,NA,NA,NA,NA,NA,NA,NA,NA,NA,1D
126,JOLAMALAWI100g95p,ancient,2D,16.4735055237442,0.15,0.687,0.926,0.997,MANJAGO,SERERE,0.33,MANDINKAI,SERERE,9.31478985727558,44.6600590393985,0.36,0.17,MANJAGO,SERERE,0.45,SERERE,WOLLOF,1,0,NA,NA,NA,NA,NA,NA,NA,NA,NA,1MW
188,JOLAJUHOAN400g80p,ancient,2D,20.3728259635061,0.45,0.582,0.975,0.999,MANJAGO,MANJAGO,0.37,MANJAGO,MANJAGO,21.0989839047362,422.320145199019,0.66,0.41,MANJAGO,MANJAGO,0.22,XUN,MANJAGO,1,0,NA,NA,NA,NA,NA,NA,NA,NA,NA,1MW
24,JOLACEU400g95p,ancient,2D,21.3119797769329,0.47,0.637,0.985,0.999,MANJAGO,MANJAGO,0.4,WOLLOF,MANJAGO,15.1061543459192,289.740153611476,0.61,0.49,MANJAGO,WOLLOF,0.19,FULAI,MANJAGO,1,0,NA,NA,NA,NA,NA,NA,NA,NA,NA,1D
6,JOLACEU100g95p,ancient,2D,78.5225219726562,0.08,0.981,1,1,GBR,SERERE,0.35,MANJAGO,WOLLOF,12.6294471623065,80.6538278632255,0.42,0.27,MANJAGO,WOLLOF,0.09,GBR,SERERE,1,0,NA,NA,NA,NA,NA,NA,NA,NA,NA,1D
174,JOLAJUHOAN100g95p,ancient,2D,83.12890625,0.09,0.981,0.998,1,XUN,SERERE,0.39,MANJAGO,MALINKE,25.5217053571224,82.4942819794871,0.45,0.2,MANJAGO,FULAII,0.09,XUN,MANJAGO,1,0,NA,NA,NA,NA,NA,NA,NA,NA,NA,1D
4,JOLACEU100g90p,ancient,2D,85.9133453369141,0.12,0.988,1,1,GBR,SERERE,0.37,MANJAGO,FULAI,16.1536844879635,83.8290205903112,0.44,0.25,MANJAGO,FULAI,0.13,GBR,SERERE,1,0,NA,NA,NA,NA,NA,NA,NA,NA,NA,1D
5,JOLACEU100g95p,main,2D,87.72265625,0.08,0.981,0.998,1,GBR,SERERE,0.43,MANJAGO,WOLLOF,4.96900605207825,99.3047143857583,0.77,0.4,MANJAGO,WOLLOF,0.07,GBR,SERERE,1,0,92,81,(734B-434B),104,92,(1106B-754B),6,3,(1739-1823),2D
173,JOLAJUHOAN100g95p,main,2D,90.2139282226562,0.08,0.961,0.996,1,XUN,SERERE,0.28,MANJAGO,MALINKE,4.24802414371381,101.916822932666,0.77,0.4,MANJAGO,MALINKE,0.07,XUN,SERERE,1,0,94,82,(800B-467B),107,75,(1190B-244B),5,1,(1774-1888),1D
171,JOLAJUHOAN100g90p,main,2D,95.9863433837891,0.12,0.97,0.999,1,XUN,SERERE,0.29,MANJAGO,BAMBARA,4.67732199453538,96.736381174817,0.77,0.2,MANJAGO,MALINKE,0.12,XUN,MANDINKAI,1,0,100,90,(987B-681B),102,91,(1037B-727B),5,4,(1763-1814),2D
169,JOLAJUHOAN100g80p,main,2D,101.312744140625,0.22,0.964,0.999,1,XUN,MANDINKAI,0.3,MANJAGO,BAMBARA,5.41693802464305,102.542272594167,0.77,0.25,MANJAGO,BAMBARA,0.23,XUN,MANDINKAI,1,0,105,96,(1117B-875B),107,97,(1187B-887B),6,4,(1737-1799),2D
12,JOLACEU200g95p,ancient,2D,135.777587890625,0.09,0.966,0.999,1,GBR,MANJAGO,0.4,MANJAGO,WOLLOF,10.7291264007347,144.535533211661,0.57,0.47,MANJAGO,WOLLOF,0.11,IBS,SERERE,1,0,NA,NA,NA,NA,NA,NA,NA,NA,NA,1D
180,JOLAJUHOAN200g95p,ancient,2D,144.790670208678,0.1,0.947,0.998,1,XUN,MANJAGO,0.43,MANJAGO,MANJAGO,18.8347075204898,180.668292815172,0.66,0.37,MANJAGO,MANJAGO,0.09,XUN,MANJAGO,1,0,NA,NA,NA,NA,NA,NA,NA,NA,NA,1D
178,JOLAJUHOAN200g90p,ancient,2D,175.646949281507,0.14,0.958,0.999,1,XUN,MANJAGO,0.43,MALINKE,MANJAGO,19.7504218917202,186.059570362509,0.59,0.42,MANJAGO,MANJAGO,0.13,XUN,MANJAGO,1,0,NA,NA,NA,NA,NA,NA,NA,NA,NA,1D
176,JOLAJUHOAN200g80p,ancient,2D,177.579786179332,0.22,0.966,1,1,XUN,MANJAGO,0.26,MANJAGO,MANJAGO,21.2709898376032,175.639211761425,0.66,0.46,MANJAGO,BAMBARA,0.21,XUN,MANJAGO,1,0,NA,NA,NA,NA,NA,NA,NA,NA,NA,1D
18,JOLACEU300g95p,ancient,2D,179.384087469776,0.2,0.903,0.997,1,FULAI,MANJAGO,0.41,MANJAGO,WOLLOF,8.06217924084168,224.410033991128,0.56,0.48,MANJAGO,WOLLOF,0.14,IBS,MANJAGO,1,0,NA,NA,NA,NA,NA,NA,NA,NA,NA,1D
184,JOLAJUHOAN300g90p,ancient,2D,222.948459813757,0.15,0.896,1,1,XUN,MANJAGO,0.44,MANJAGO,MANJAGO,32.0235123081651,274.757889274181,0.63,0.4,MANJAGO,MANJAGO,0.13,XUN,MANJAGO,1,0,NA,NA,NA,NA,NA,NA,NA,NA,NA,1D
182,JOLAJUHOAN300g80p,ancient,2D,243.977340694788,0.26,0.87,0.999,1,XUN,MANJAGO,0.42,FULAII,MANJAGO,17.6983142670373,269.623906826131,0.68,0.42,MANJAGO,MANJAGO,0.22,XUN,MANJAGO,1,0,NA,NA,NA,NA,NA,NA,NA,NA,NA,1D
163,JUHOANMALAWI400g80p,main,1D,6.58832183522413,0.17,0.929,0.999,1,FULAII,XUN,0.13,XUN,XUN,5.55395714614607,54.3305463035054,0.1,0.16,FULAII,XUN,0.28,KHWE,XUN,1,0,NA,NA,NA,NA,NA,NA,NA,NA,NA,1D
41,JUHOANCEU300g95p,main,1D,6.76487724152169,0.16,0.898,0.999,1,FULAII,KARRETJIE,0.23,NAMA,XUN,4.30787778028015,38.647397807675,0.17,0.14,FULAII,KARRETJIE,0.13,KHWE,KARRETJIE,1,0,NA,NA,NA,NA,NA,NA,NA,NA,NA,1D
47,JUHOANCEU400g95p,main,1D,6.90809854778111,0.17,0.913,0.999,1,FULAII,KARRETJIE,0.2,NAMA,XUN,4.16795122700299,33.626194177426,0.16,0.13,FULAII,KARRETJIE,0.14,SEMI.BANTU,KARRETJIE,1,0,NA,NA,NA,NA,NA,NA,NA,NA,NA,1D
45,JUHOANCEU400g90p,main,1D,6.90809854778111,0.24,0.915,0.999,1,FULAII,KHOMANI,0.2,NAMA,KHOMANI,5.26954522000147,55.0516937379014,0.17,0.22,FULAII,KHOMANI,0.22,KHWE,KHOMANI,1,0,NA,NA,NA,NA,NA,NA,NA,NA,NA,1D
155,JUHOANMALAWI200g95p,main,1D,6.93514818147144,0.12,0.908,0.994,1,FULAII,GUIGHANAKGAL,0.18,XUN,GUIGHANAKGAL,5.10561633544795,47.9601740154983,0.2,0.1,FULAII,XUN,0.13,KHWE,GUIGHANAKGAL,1,0,NA,NA,NA,NA,NA,NA,NA,NA,NA,1D
95,JUHOANJOLA400g95p,main,1D,7.02575982078434,0.2,0.843,0.997,1,FULAII,XUN,0.07,XUN,XUN,4.39218970830917,44.0922180900172,0.17,0.17,FULAII,XUN,0.33,XUN,XUN,1,0,NA,NA,NA,NA,NA,NA,NA,NA,NA,1D
93,JUHOANJOLA400g90p,main,1D,7.12622547587252,0.11,0.805,0.997,1,FULAII,XUN,0.24,XUN,XUN,4.66018944974,33.2794020291364,0.18,0.09,FULAII,XUN,0.09,BAMBARA,XUN,1,0,NA,NA,NA,NA,NA,NA,NA,NA,NA,1D
39,JUHOANCEU300g90p,main,1D,7.13539990435295,0.17,0.908,0.997,0.999,FULAII,KHOMANI,0.22,NAMA,KHOMANI,5.00724725607949,68.4113242680545,0.28,0.14,FULAII,KHOMANI,0.19,SEMI.BANTU,KHOMANI,1,0,NA,NA,NA,NA,NA,NA,NA,NA,NA,1D
161,JUHOANMALAWI300g95p,main,1D,7.16296437690302,0.13,0.916,0.996,1,FULAII,XUN,0.22,XUN,GUIGHANAKGAL,5.30722034336832,39.6882478798629,0.17,0.11,FULAII,XUN,0.12,KHWE,XUN,1,0,NA,NA,NA,NA,NA,NA,NA,NA,NA,1D
165,JUHOANMALAWI400g90p,main,1D,7.28312433450549,0.15,0.908,0.998,1,FULAII,XUN,0.22,XUN,XUN,5.37309001498211,40.1243705016177,0.17,0.12,FULAII,XUN,0.11,SEMI.BANTU,XUN,1,0,NA,NA,NA,NA,NA,NA,NA,NA,NA,1D
87,JUHOANJOLA300g90p,main,1D,7.29241545979413,0.19,0.794,0.996,1,FULAII,XUN,0.06,SWBANTU,XUN,4.90778308200645,67.0632729794636,0.14,0.16,FULAII,XUN,0.34,XUN,XUN,1,0,NA,NA,NA,NA,NA,NA,NA,NA,NA,1D
35,JUHOANCEU200g95p,main,2D,7.38570426117763,0.15,0.895,0.997,0.999,FULAII,KARRETJIE,0.24,NAMA,KARRETJIE,6.34005794342672,153.403605461624,0.8,0.14,FULAII,KARRETJIE,0.24,KHWE,KARRETJIE,1,0,NA,NA,NA,NA,NA,NA,NA,NA,NA,1D
153,JUHOANMALAWI200g90p,main,1D,7.3950708961657,0.14,0.907,0.991,0.999,FULAII,GUIGHANAKGAL,0.21,XUN,GUIGHANAKGAL,5.73119519727683,39.0057521067978,0.2,0.11,FULAII,XUN,0.13,KHWE,XUN,1,0,NA,NA,NA,NA,NA,NA,NA,NA,NA,1D
149,JUHOANMALAWI100g95p,main,1D,7.45141486097481,0.09,0.877,0.986,0.998,FULAII,GUIGHANAKGAL,0.19,XUN,GUIGHANAKGAL,5.39356921473114,59.6532870227544,0.3,0.07,FULAII,GUIGHANAKGAL,0.48,XUN,KARRETJIE,1,0,8,6,(1675-1733),NA,NA,NA,NA,NA,NA,1D
147,JUHOANMALAWI100g90p,main,2D,7.47967951437412,0.13,0.897,0.98,0.992,FULAII,GUIGHANAKGAL,0.12,XUN,XUN,6.6127843908297,99.4374719704099,0.53,0.12,FULAII,GUIGHANAKGAL,0.2,KHWE,KARRETJIE,1,0,8,7,(1686-1724),NA,NA,NA,NA,NA,NA,1D
91,JUHOANJOLA400g80p,main,1D,7.49855693923097,0.13,0.718,0.997,1,FULAII,XUN,0.14,XUN,XUN,5.4702936115079,40.2705002843496,0.12,0.11,BAMBARA,XUN,0.08,FULAII,XUN,1,0,NA,NA,NA,NA,NA,NA,NA,NA,NA,1D
167,JUHOANMALAWI400g95p,main,1D,7.59335593460303,0.15,0.901,0.997,1,FULAII,XUN,0.2,XUN,XUN,5.09910535070464,45.4595073214595,0.17,0.12,FULAII,XUN,0.13,AKANS,XUN,1,0,NA,NA,NA,NA,NA,NA,NA,NA,NA,1D
159,JUHOANMALAWI300g90p,main,1D,7.62192949131818,0.14,0.913,0.996,0.999,FULAII,XUN,0.17,XUN,XUN,6.07167219316244,44.7325324751495,0.16,0.12,FULAII,XUN,0.13,KHWE,XUN,1,0,NA,NA,NA,NA,NA,NA,NA,NA,NA,1D
145,JUHOANMALAWI100g80p,main,2D,7.74194946289063,0.16,0.91,0.998,0.999,SEMI.BANTU,GUIGHANAKGAL,0.45,XUN,GUIGHANAKGAL,6.49401105198636,96.8457596933808,0.64,0.14,FULAII,GUIGHANAKGAL,0.17,KHWE,GUIGHANAKGAL,1,0,9,7,(1673-1716),NA,NA,NA,NA,NA,NA,1D
157,JUHOANMALAWI300g80p,main,1D,7.9357666015625,0.15,0.93,0.999,1,FULAII,XUN,0.18,XUN,XUN,6.73542980663155,50.3968969682432,0.15,0.13,FULAII,XUN,0.27,KHWE,XUN,1,0,NA,NA,NA,NA,NA,NA,NA,NA,NA,1D
89,JUHOANJOLA300g95p,main,1D,8.225,0.23,0.889,0.998,1,FULAII,AMAXHOSA,0.15,SEBANTU,SEBANTU,7.15600244668686,104.588333167795,0.1,0.25,SEBANTU,AMAXHOSA,0.4,SEBANTU,AMAXHOSA,1,0,NA,NA,NA,NA,NA,NA,NA,NA,NA,1D
83,JUHOANJOLA200g95p,main,1D,8.3049072265625,0.11,0.829,0.996,1,FULAII,XUN,0.04,SWBANTU,XUN,4.2270683892729,65.9221224159672,0.28,0.08,FULAII,XUN,0.31,XUN,KARRETJIE,1,0,NA,NA,NA,NA,NA,NA,NA,NA,NA,1D
151,JUHOANMALAWI200g80p,main,1D,8.71103515625,0.16,0.928,0.999,1,FULAII,GUIGHANAKGAL,0.2,XUN,GUIGHANAKGAL,6.62899753840082,54.3127794642861,0.27,0.13,FULAII,GUIGHANAKGAL,0.17,KHWE,GUIGHANAKGAL,1,0,NA,NA,NA,NA,NA,NA,NA,NA,NA,1D
33,JUHOANCEU200g90p,main,2D,9.04384765625,0.16,0.901,0.992,0.999,FULAII,KHOMANI,0.36,KHOMANI,KARRETJIE,7.11978998773108,187.047174854773,0.83,0.14,FULAII,KHOMANI,0.28,IBS,GUIGHANAKGAL,1,0,NA,NA,NA,NA,NA,NA,NA,NA,NA,1D
85,JUHOANJOLA300g80p,main,1D,9.15634765625,0.12,0.665,0.995,1,FULAII,XUN,0.03,SWBANTU,XUN,6.748880134519,107.76084654432,0.14,0.14,FULAII,XUN,0.19,MANDINKAII,XUN,1,0,NA,NA,NA,NA,NA,NA,NA,NA,NA,1D
81,JUHOANJOLA200g90p,main,2D,9.51294555664063,0.12,0.795,0.995,0.999,FULAII,XUN,0.1,XUN,XUN,7.08359782360258,200.440279864347,0.37,0.1,FULAII,XUN,0.26,MANDINKAII,KARRETJIE,1,0,NA,NA,NA,NA,NA,NA,NA,NA,NA,1D
31,JUHOANCEU200g80p,main,2D,9.8771728515625,0.17,0.838,0.899,0.998,IBS,KHOMANI,0.3,XUN,KHOMANI,5.20637207784674,154.710195655144,0.85,0.14,FULAII,KHOMANI,0.25,GBR,XUN,1,0,NA,NA,NA,NA,NA,NA,NA,NA,NA,1MW
154,JUHOANMALAWI200g90p,ancient,1D,10.4150634765625,0.16,0.886,0.98,0.997,FULAII,GUIGHANAKGAL,0.25,XUN,XUN,3.49966081882354,40.9351596397256,0.33,0.14,FULAII,XUN,0.14,KHWE,GUIGHANAKGAL,1,0,NA,NA,NA,NA,NA,NA,NA,NA,NA,1D
158,JUHOANMALAWI300g80p,ancient,2D,10.44541015625,0.17,0.91,0.999,1,FULAII,XUN,0.34,XUN,XUN,9.35794035549791,127.315918771548,0.37,0.26,FULAII,XUN,0.16,KHWE,XUN,1,0,NA,NA,NA,NA,NA,NA,NA,NA,NA,1D
79,JUHOANJOLA200g80p,main,2D,10.628515625,0.11,0.692,0.991,0.999,FULAII,XUN,0.07,KHWE,XUN,6.85377365770204,180.324620227466,0.58,0.11,FULAII,XUN,0.34,MANDINKAI,XUN,1,0,NA,NA,NA,NA,NA,NA,NA,NA,NA,1D
29,JUHOANCEU100g95p,main,2D,10.7515625,0.31,0.877,0.995,0.998,FULAII,KARRETJIE,0.18,NAMA,XUN,5.89988165060155,96.0538818833763,0.97,0.12,FULAII,KARRETJIE,0.2,KHWE,KARRETJIE,1,0,13,10,(1532-1644),NA,NA,NA,NA,NA,NA,1D
164,JUHOANMALAWI400g80p,ancient,1D,10.9687744140625,0.19,0.901,0.998,0.999,FULAII,XUN,0.25,XUN,XUN,4.75062146160851,45.2453709636221,0.14,0.25,KHWE,XUN,0.24,KHWE,XUN,1,0,NA,NA,NA,NA,NA,NA,NA,NA,NA,1D
156,JUHOANMALAWI200g95p,ancient,1D,11.2832275390625,0.15,0.894,0.992,0.999,FULAII,GUIGHANAKGAL,0.28,XUN,GUIGHANAKGAL,1.19515608580406,31.0577075962564,0.25,0.22,FULAII,GUIGHANAKGAL,0.12,KHWE,GUIGHANAKGAL,1,0,NA,NA,NA,NA,NA,NA,NA,NA,NA,1D
162,JUHOANMALAWI300g95p,ancient,1D,11.44228515625,0.15,0.89,0.991,1,FULAII,XUN,0.24,XUN,XUN,2.00759103567126,32.4041650299498,0.18,0.17,FULAII,XUN,0.13,KHWE,XUN,1,0,NA,NA,NA,NA,NA,NA,NA,NA,NA,1D
160,JUHOANMALAWI300g90p,ancient,1D,13.1343994140625,0.16,0.895,0.987,0.999,FULAII,XUN,0.12,XUN,XUN,3.13450756783229,28.4754369419467,0.19,0.16,FULAII,XUN,0.14,KHWE,XUN,1,0,NA,NA,NA,NA,NA,NA,NA,NA,NA,1D
152,JUHOANMALAWI200g80p,ancient,2D,13.5510009765625,0.2,0.937,0.998,0.999,SEMI.BANTU,GUIGHANAKGAL,0.47,XUN,XUN,10.3670371247793,101.246156818985,0.54,0.16,FULAII,GUIGHANAKGAL,0.28,KHWE,GUIGHANAKGAL,1,0,NA,NA,NA,NA,NA,NA,NA,NA,NA,1D
148,JUHOANMALAWI100g90p,ancient,2D,14.1330449593939,0.17,0.884,0.943,0.994,WASAMBAA,GUIGHANAKGAL,0.39,GUIGHANAKGAL,XUN,8.10693785943192,77.104655936553,0.58,0.12,FULAII,GUIGHANAKGAL,0.18,KHWE,GUIGHANAKGAL,1,0,NA,NA,NA,NA,NA,NA,NA,NA,NA,1MW
168,JUHOANMALAWI400g95p,ancient,1D,14.204777433887,0.15,0.896,0.993,1,FULAII,XUN,0.21,XUN,XUN,3.58036560615481,23.0710463385531,0.15,0.11,FULAII,XUN,0.13,FULAII,XUN,1,0,NA,NA,NA,NA,NA,NA,NA,NA,NA,1D
166,JUHOANMALAWI400g90p,ancient,1D,14.6879866583434,0.15,0.888,0.993,0.999,FULAII,XUN,0.16,XUN,XUN,1.9100926256853,32.2830770224957,0.11,0.18,FULAII,XUN,0.14,SEMI.BANTU,XUN,1,0,NA,NA,NA,NA,NA,NA,NA,NA,NA,1D
42,JUHOANCEU300g95p,ancient,2D,14.8837015895068,0.17,0.893,0.997,0.999,SEMI.BANTU,KARRETJIE,0.2,NAMA,KARRETJIE,10.8376862295716,134.414829096914,0.77,0.16,FULAII,KARRETJIE,0.22,KHWE,KARRETJIE,1,0,NA,NA,NA,NA,NA,NA,NA,NA,NA,1D
48,JUHOANCEU400g95p,ancient,2D,15.7057108126471,0.18,0.906,0.997,0.999,FULAII,KARRETJIE,0.2,NAMA,XUN,14.5348721096888,92.7573059960443,0.54,0.17,FULAII,KARRETJIE,0.3,XUN,KARRETJIE,1,0,NA,NA,NA,NA,NA,NA,NA,NA,NA,1D
150,JUHOANMALAWI100g95p,ancient,2D,16.6815503219109,0.21,0.85,0.971,0.992,KHWE,GUIGHANAKGAL,0.33,XUN,XUN,14.6193792058037,96.3176213760716,0.49,0.08,FULAII,GUIGHANAKGAL,0.44,KARRETJIE,XUN,1,0,NA,NA,NA,NA,NA,NA,NA,NA,NA,1MW
92,JUHOANJOLA400g80p,ancient,1D,17.0489716756013,0.12,0.7,0.99,0.998,FULAII,XUN,0.12,KHWE,XUN,9.99246010086092,236.316255239116,0.35,0.13,BAMBARA,XUN,0.4,MANDINKAII,XUN,1,0,NA,NA,NA,NA,NA,NA,NA,NA,NA,1D
77,JUHOANJOLA100g95p,main,2D,17.2342778546027,0.12,0.793,0.991,1,FULAII,XUN,0.2,XUN,XUN,4.36722757393434,91.3483835440582,0.72,0.06,FULAII,XUN,0.24,MANDINKAII,KARRETJIE,1,0,32,12,(1001-1573),NA,NA,NA,NA,NA,NA,1D
146,JUHOANMALAWI100g80p,ancient,2D,17.3140204011454,0.2,0.9,0.979,0.997,KHWE,GUIGHANAKGAL,0.18,KHWE,GUIGHANAKGAL,8.90084798133848,84.2425845527087,0.7,0.13,FULAII,GUIGHANAKGAL,0.3,WABONDEI,GUIGHANAKGAL,1,0,NA,NA,NA,NA,NA,NA,NA,NA,NA,1D
94,JUHOANJOLA400g90p,ancient,1D,18.0133062033304,0.12,0.777,0.995,1,FULAII,XUN,0.08,XUN,XUN,9.72251451971947,163.681322731896,0.23,0.12,BAMBARA,XUN,0.12,MANDINKAII,XUN,1,0,NA,NA,NA,NA,NA,NA,NA,NA,NA,1D
40,JUHOANCEU300g90p,ancient,2D,18.7827941003892,0.19,0.914,0.987,0.996,SEMI.BANTU,KHOMANI,0.42,KHOMANI,XUN,16.7381174346815,227.021243067155,0.89,0.18,FULAII,KHOMANI,0.14,GBR,XUN,1,0,NA,NA,NA,NA,NA,NA,NA,NA,NA,1D
36,JUHOANCEU200g95p,ancient,2D,18.9219935232026,0.17,0.902,0.994,0.997,SEMI.BANTU,KARRETJIE,0.21,NAMA,XUN,10.7508646405537,127.329625591066,0.93,0.15,FULAII,KARRETJIE,0.14,IBS,KARRETJIE,1,0,NA,NA,NA,NA,NA,NA,NA,NA,NA,1D
86,JUHOANJOLA300g80p,ancient,2D,58.2934649568202,0.26,0.756,0.996,0.999,MANDINKAII,XUN,0.23,XUN,XUN,10.4007548595673,167.848235465661,0.46,0.13,FULAII,XUN,0.43,MANDINKAII,XUN,1,0,NA,NA,NA,NA,NA,NA,NA,NA,NA,1D
82,JUHOANJOLA200g90p,ancient,2D,66.5535396223665,0.26,0.843,0.994,1,MANDINKAII,XUN,0.16,XUN,XUN,9.08956452313489,151.049135228018,0.49,0.12,FULAII,XUN,0.31,MANDINKAII,XUN,1,0,NA,NA,NA,NA,NA,NA,NA,NA,NA,1D
30,JUHOANCEU100g95p,ancient,2D,73.312627334306,0.16,0.975,0.994,1,GBR,KARRETJIE,0.39,KHOMANI,XUN,3.56586590545778,83.4568917267999,0.68,0.12,FULAII,KARRETJIE,0.09,GBR,XUN,1,0,NA,NA,NA,NA,NA,NA,NA,NA,NA,1D
28,JUHOANCEU100g90p,ancient,2D,80.1821899414062,0.09,0.984,0.995,1,GBR,XUN,0.25,SEMI.BANTU,KHOMANI,9.85880585011338,86.9518128930152,0.65,0.11,FULAII,KHOMANI,0.09,GBR,XUN,1,0,NA,NA,NA,NA,NA,NA,NA,NA,NA,1D
25,JUHOANCEU100g80p,main,2D,98.515625,0.2,0.988,1,1,GBR,XUN,0.37,IBS,KHOMANI,5.71419986296882,97.9732164086646,0.83,0.13,FULAII,KHOMANI,0.2,GBR,XUN,1,0,101,93,(1007B-790B),103,94,(1072B-802B),6,5,(1739-1784),2D
34,JUHOANCEU200g90p,ancient,2D,143.544116313152,0.13,0.969,0.971,1,GBR,XUN,0.28,SEMI.BANTU,KHOMANI,15.2164116752204,152.609379459113,0.82,0.16,FULAII,KHOMANI,0.1,GBR,XUN,1,0,NA,NA,NA,NA,NA,NA,NA,NA,NA,1MW
202,MALAWIJUHOAN200g90p,ancient,2D,253.820132572679,0.14,0.93,0.994,0.994,XUN,MZIGUA,0.26,SEBANTU,SEBANTU,10.8873044392273,234.986227296483,0.85,0.09,FULAII,SEBANTU,0.13,XUN,MZIGUA,1,0,NA,NA,NA,NA,NA,NA,NA,NA,NA,1D
88,JUHOANJOLA300g90p,ancient,2D,22.6396112310098,0.22,0.816,0.991,0.999,FULAII,XUN,0.03,SWBANTU,XUN,9.96345607909296,154.595714967437,0.49,0.19,BAMBARA,XUN,0.37,MANDINKAII,XUN,1,0,NA,NA,NA,NA,NA,NA,NA,NA,NA,1D
75,JUHOANJOLA100g90p,main,2D,65.5141486097481,0.24,0.916,0.996,1,MANDINKAII,KARRETJIE,0.3,XUN,KARRETJIE,6.46944955239683,97.1836325508193,0.64,0.05,BAMBARA,XUN,0.21,MANDINKAI,KARRETJIE,1,0,71,56,(140B-299),NA,NA,NA,NA,NA,NA,1D
80,JUHOANJOLA200g80p,ancient,2D,125.549087524414,0.36,0.921,0.999,1,MANDINKAII,XUN,0.13,KHWE,XUN,4.21899821962311,141.727963141874,0.4,0.14,BAMBARA,XUN,0.37,MANDINKAII,XUN,1,0,NA,NA,NA,NA,NA,NA,NA,NA,NA,1D
76,JUHOANJOLA100g90p,ancient,2D,66.1746182216035,0.27,0.96,0.997,1,MANDINKAII,KARRETJIE,0.24,XUN,KARRETJIE,6.44691656244862,68.8844526831221,0.44,0.11,AKANS,XUN,0.27,MANDINKAI,KARRETJIE,1,0,NA,NA,NA,NA,NA,NA,NA,NA,NA,1D
66,MALAWICEU300g95p,ancient,2D,3.42111883356642,0.3,0.68,0.95,0.999,MZIGUA,MZIGUA,0.43,MZIGUA,MZIGUA,13.6738839382062,311.336492913474,0.85,0.33,MZIGUA,MZIGUA,0.13,GBR,MZIGUA,1,0,NA,NA,NA,NA,NA,NA,NA,NA,NA,1MW
203,MALAWIJUHOAN200g95p,main,1D,5.91777167849524,0.16,0.941,0.981,0.999,MZIGUA,MZIGUA,0.4,SEBANTU,MZIGUA,5.60221599789608,68.2220567346156,0.34,0.15,SEMI.BANTU,MZIGUA,0.34,SEBANTU,MZIGUA,1,0,NA,NA,NA,NA,NA,NA,NA,NA,NA,1D
57,MALAWICEU200g90p,main,2D,6.0751304598429,0.16,0.857,0.926,0.999,MZIGUA,MZIGUA,0.32,MZIGUA,MZIGUA,6.3536687382219,229.928874800961,0.84,0.19,MZIGUA,MZIGUA,0.12,GBR,MZIGUA,1,0,NA,NA,NA,NA,NA,NA,NA,NA,NA,1MW
68,MALAWICEU400g80p,ancient,2D,6.55334025083485,0.48,0.551,0.749,0.999,MZIGUA,MZIGUA,0.33,MZIGUA,MZIGUA,12.2088114293987,378.85918598417,0.6,0.47,MZIGUA,MZIGUA,0.32,GBR,SEMI.BANTU,1,0,NA,NA,NA,NA,NA,NA,NA,NA,NA,1MW
61,MALAWICEU300g80p,main,1MW,6.62341325190349,0.37,0.852,0.901,1,MZIGUA,MZIGUA,0.42,MZIGUA,MZIGUA,5.52555395900746,150.887968363955,0.31,0.38,MZIGUA,MZIGUA,0.4,IBS,MZIGUA,1,0,NA,NA,NA,NA,NA,NA,NA,NA,NA,1MW
55,MALAWICEU200g80p,main,2D,7.01666776652147,0.22,0.834,0.906,1,MZIGUA,MZIGUA,0.21,MZIGUA,MZIGUA,4.96825795229099,180.656254378727,0.85,0.29,MZIGUA,MZIGUA,0.17,GBR,MZIGUA,1,0,NA,NA,NA,NA,NA,NA,NA,NA,NA,1MW
53,MALAWICEU100g95p,main,2D,7.703515625,0.06,0.809,0.996,1,GBR,MZIGUA,0.29,MZIGUA,MZIGUA,8.93917426917076,118.405979390005,0.98,0.23,MZIGUA,MZIGUA,0.07,GBR,MZIGUA,1,0,10,7,(1638-1731),NA,NA,NA,NA,NA,NA,1D
197,MALAWIJUHOAN100g95p,main,2D,7.76763305664063,0.1,0.906,0.896,0.999,SEBANTU,MZIGUA,0.14,MZIGUA,MZIGUA,3.71982974405089,81.5016423796848,0.88,0.16,MZIGUA,MZIGUA,0.08,XUN,MZIGUA,1,0,9,7,(1646-1732),NA,NA,NA,NA,NA,NA,1MW
101,MALAWIJOLA100g95p,main,2D,18.0133062033304,0.18,0.753,0.997,0.999,MZIGUA,MZIGUA,0.5,MZIGUA,MZIGUA,6.2271604072521,75.1241566792582,0.64,0.18,MZIGUA,MZIGUA,0.16,MANDINKAII,MZIGUA,1,0,31,12,(1036-1562),NA,NA,NA,NA,NA,NA,1D
99,MALAWIJOLA100g90p,main,2D,44.748981267209,0.16,0.877,1,1,MANDINKAII,MZIGUA,0.25,MZIGUA,MZIGUA,8.17671077888321,79.7185849406876,0.79,0.11,MZIGUA,MZIGUA,0.19,MANDINKAI,MZIGUA,1,0,53,34,(378-943),NA,NA,NA,NA,NA,NA,1D
97,MALAWIJOLA100g80p,main,2D,87.2866821289062,0.25,0.929,1,1,MANDINKAI,MZIGUA,0.24,MZIGUA,MZIGUA,5.00221097734586,95.7443921915076,0.88,0.39,MZIGUA,MZIGUA,0.24,MANDINKAI,MZIGUA,1,0,93,78,(778B-349B),NA,NA,NA,NA,NA,NA,1D
195,MALAWIJUHOAN100g90p,main,2D,101.312744140625,0.13,0.939,0.999,1,XUN,MZIGUA,0.22,MZIGUA,SEBANTU,4.24978216439622,98.8912427436304,0.81,0.15,MZIGUA,SEBANTU,0.13,XUN,MZIGUA,1,0,102,8,(1024B-1680),NA,NA,NA,NA,NA,NA,1D
51,MALAWICEU100g90p,main,2D,104.78515625,0.16,0.988,1,1,GBR,MZIGUA,0.42,MZIGUA,MZIGUA,5.11180845833587,107.265790488398,0.75,0.48,MZIGUA,MZIGUA,0.16,GBR,MZIGUA,1,0,109,101,(1245B-997B),NA,NA,NA,NA,NA,NA,1D
52,MALAWICEU100g90p,ancient,2D,106.985416412354,0.12,0.988,1,1,GBR,MZIGUA,0.15,SEBANTU,MZIGUA,23.7970004710303,102.821075624308,0.7,0.48,MZIGUA,MZIGUA,0.11,GBR,MZIGUA,1,0,NA,NA,NA,NA,NA,NA,NA,NA,NA,1D
49,MALAWICEU100g80p,main,2D,109.656192779541,0.23,0.99,1,1,GBR,MZIGUA,0.37,MZIGUA,MZIGUA,5.74677678199364,111.770158338182,0.78,0.37,MZIGUA,MZIGUA,0.23,GBR,MZIGUA,1,0,114,106,(1392B-1158B),NA,NA,NA,NA,NA,NA,1D
54,MALAWICEU100g95p,ancient,2D,113.393127441406,0.07,0.977,1,1,GBR,MZIGUA,0.1,SEBANTU,MZIGUA,24.5682262548501,113.482416542954,0.77,0.34,MZIGUA,MZIGUA,0.07,GBR,MZIGUA,1,0,NA,NA,NA,NA,NA,NA,NA,NA,NA,1D
104,MALAWIJOLA200g80p,ancient,2D,124.765625,0.38,0.834,1,1,MANDINKAII,MZIGUA,0.23,SEBANTU,MZIGUA,24.2236390109303,221.538241362566,0.84,0.29,MZIGUA,MZIGUA,0.36,MANDINKAII,MZIGUA,1,0,NA,NA,NA,NA,NA,NA,NA,NA,NA,1D
196,MALAWIJUHOAN100g90p,ancient,2D,126.8603515625,0.14,0.98,1,1,XUN,MZIGUA,0.26,SEBANTU,MZIGUA,15.1298065580559,127.12639575963,0.81,0.39,MZIGUA,SEBANTU,0.14,XUN,MZIGUA,1,0,NA,NA,NA,NA,NA,NA,NA,NA,NA,1D
56,MALAWICEU200g80p,ancient,2D,188.329217396584,0.23,0.979,1,1,GBR,MZIGUA,0.22,SEBANTU,MZIGUA,15.9409321739118,186.295008200796,0.74,0.24,MZIGUA,MZIGUA,0.24,GBR,MZIGUA,1,0,NA,NA,NA,NA,NA,NA,NA,NA,NA,1D
58,MALAWICEU200g90p,ancient,2D,195.308718514754,0.12,0.968,0.997,0.997,GBR,MZIGUA,0.18,SEBANTU,MZIGUA,15.489385137514,198.857614599118,0.74,0.34,MZIGUA,MZIGUA,0.12,GBR,MZIGUA,1,0,NA,NA,NA,NA,NA,NA,NA,NA,NA,1D
60,MALAWICEU200g95p,ancient,2D,202.341952509536,0.08,0.94,0.998,0.998,GBR,MZIGUA,0.2,SEBANTU,MZIGUA,13.7176375971703,205.368380046931,0.78,0.45,MZIGUA,MZIGUA,0.1,GBR,MZIGUA,1,0,NA,NA,NA,NA,NA,NA,NA,NA,NA,1D
62,MALAWICEU300g80p,ancient,2D,277.546624266858,0.2,0.932,0.998,0.998,GBR,MZIGUA,0.34,MZIGUA,MZIGUA,16.3133106384414,280.770531443499,0.7,0.33,MZIGUA,MZIGUA,0.2,GBR,MZIGUA,1,0,NA,NA,NA,NA,NA,NA,NA,NA,NA,1D
206,MALAWIJUHOAN300g80p,ancient,2D,4.00614020069757,0.43,0.701,0.954,0.999,SEBANTU,SEBANTU,0.28,SEBANTU,SEBANTU,11.2995333033828,401.590685070317,0.79,0.27,SEBANTU,SEBANTU,0.25,XUN,MZIGUA,1,0,NA,NA,NA,NA,NA,NA,NA,NA,NA,1MW
205,MALAWIJUHOAN300g80p,main,1D,6.62341325190349,0.28,0.927,0.993,0.999,SEBANTU,SEBANTU,0.5,SEBANTU,SEBANTU,6.02987533471544,86.2431139261735,0.1,0.28,SEBANTU,SEBANTU,0.33,MZIGUA,AMAXHOSA,1,0,NA,NA,NA,NA,NA,NA,NA,NA,NA,1D
199,MALAWIJUHOAN200g80p,main,2D,6.71162230987097,0.2,0.938,0.907,1,MZIGUA,SEBANTU,0.27,SEBANTU,SEBANTU,5.55526102325808,134.638508356728,0.55,0.2,SEBANTU,SEBANTU,0.38,XUN,MZIGUA,1,0,NA,NA,NA,NA,NA,NA,NA,NA,NA,1MW
193,MALAWIJUHOAN100g80p,main,2D,106.0625,0.23,0.958,1,1,XUN,MZIGUA,0.19,AMAXHOSA,SEBANTU,4.60123417539523,104.957704864425,0.81,0.09,SEBANTU,SEBANTU,0.24,XUN,MZIGUA,1,0,109,96,(1241B-870B),NA,NA,NA,NA,NA,NA,1D
194,MALAWIJUHOAN100g80p,ancient,2D,115.139175415039,0.24,0.988,1,1,XUN,MZIGUA,0.2,AMAXHOSA,SEBANTU,14.9626516448433,119.004428461203,0.8,0.3,SEBANTU,SEBANTU,0.24,XUN,MZIGUA,1,0,NA,NA,NA,NA,NA,NA,NA,NA,NA,1D
198,MALAWIJUHOAN100g95p,ancient,2D,141.808058014594,0.09,0.965,0.999,0.999,XUN,MZIGUA,0.31,SEBANTU,MZIGUA,19.7652211679631,140.650680764146,0.72,0.17,SEBANTU,MZIGUA,0.09,XUN,MZIGUA,1,0,NA,NA,NA,NA,NA,NA,NA,NA,NA,1D
200,MALAWIJUHOAN200g80p,ancient,2D,217.702730921753,0.24,0.943,0.999,0.999,XUN,MZIGUA,0.33,AMAXHOSA,SEBANTU,13.8968096063407,220.393246189913,0.87,0.26,SEBANTU,SEBANTU,0.25,XUN,MZIGUA,1,0,NA,NA,NA,NA,NA,NA,NA,NA,NA,1D
37,JUHOANCEU300g80p,main,2D,6.34575722259076,0.27,0.889,0.992,0.999,IBS,KHOMANI,0.36,KHOMANI,KHOMANI,5.12089738433466,173.033766479105,0.49,0.3,KHWE,KHOMANI,0.29,IBS,KARRETJIE,1,0,NA,NA,NA,NA,NA,NA,NA,NA,NA,1D
96,JUHOANJOLA400g95p,ancient,1D,15.2295456759416,0.24,0.843,0.991,1,KHWE,XUN,0.03,SWBANTU,XUN,1.00002843698281,41.6408911206893,0.19,0.18,FULAII,XUN,0.35,XUN,XUN,1,0,NA,NA,NA,NA,NA,NA,NA,NA,NA,1D
46,JUHOANCEU400g90p,ancient,2D,15.4040632213153,0.25,0.904,0.996,0.998,KHWE,KHOMANI,0.47,XUN,KHOMANI,12.6352026718296,156.585848977989,0.74,0.24,KHWE,KHOMANI,0.15,IBS,KARRETJIE,1,0,NA,NA,NA,NA,NA,NA,NA,NA,NA,1D
90,JUHOANJOLA300g95p,ancient,1D,19.9115847415272,0.22,0.846,0.991,0.999,KHWE,XUN,0.05,SWBANTU,XUN,11.9676516503776,134.236147085015,0.24,0.19,KHWE,XUN,0.08,MANDINKAII,XUN,1,0,NA,NA,NA,NA,NA,NA,NA,NA,NA,1D
84,JUHOANJOLA200g95p,ancient,2D,33.3183078380231,0.21,0.882,0.995,1,FULAII,XUN,0.1,XUN,XUN,12.4900458480081,98.7400575692548,0.41,0.15,KHWE,XUN,0.34,XUN,KARRETJIE,1,0,NA,NA,NA,NA,NA,NA,NA,NA,NA,1D
74,JUHOANJOLA100g80p,ancient,2D,75.0164007341136,0.38,0.972,1,1,MANDINKAI,KARRETJIE,0.23,KHWE,XUN,10.062442244573,77.2932392316875,0.41,0.12,KHWE,XUN,0.37,MANDINKAI,KARRETJIE,1,0,NA,NA,NA,NA,NA,NA,NA,NA,NA,1D
78,JUHOANJOLA100g95p,ancient,2D,52.4212815678941,0.31,0.942,0.986,0.999,MANDINKAII,KARRETJIE,0.38,XUN,KARRETJIE,7.88720792963002,60.8255180739998,0.49,0.31,XUN,KARRETJIE,0.13,XUN,XUN,1,0,NA,NA,NA,NA,NA,NA,NA,NA,NA,1D
172,JOLAJUHOAN100g90p,ancient,2D,86.5625,0.14,0.988,1,1,XUN,SERERE,0.45,MANJAGO,MALINKE,103.312242900219,332.211133068351,0.44,0.13,XUN,MANDINKAI,0.48,MANJAGO,SEREHULE,1,0,NA,NA,NA,NA,NA,NA,NA,NA,NA,1D
170,JOLAJUHOAN100g80p,ancient,2D,89.1104888916016,0.22,0.989,1,1,XUN,SERERE,0.17,MANJAGO,MALINKE,119.23657013137,226.627095023134,0.57,0.23,XUN,MANDINKAI,0.44,NAMKAM,YRI,1,0,NA,NA,NA,NA,NA,NA,NA,NA,NA,1D
27,JUHOANCEU100g90p,main,2D,101.782775878906,0.12,0.99,0.999,1,GBR,XUN,0.34,FULAII,KARRETJIE,4.65349809194613,102.937474095357,0.84,0.28,XUN,KHOMANI,0.12,GBR,XUN,1,0,105,96,(1116B-873B),NA,NA,NA,NA,NA,NA,1D
43,JUHOANCEU400g80p,main,1D,6.48370657892651,0.41,0.894,0.996,0.999,KHOMANI,KHOMANI,0.33,KHOMANI,KHOMANI,5.14953528517156,67.2855842472181,0.14,0.39,KHOMANI,KHOMANI,0.22,IBS,KHOMANI,1,0,NA,NA,NA,NA,NA,NA,NA,NA,NA,1D
26,JUHOANCEU100g80p,ancient,2D,82.246280670166,0.18,0.99,0.999,1,GBR,XUN,0.26,SEMI.BANTU,KHOMANI,39.1874270589717,93.4206707553153,0.63,0.19,FIN,KHOMANI,0.18,GBR,XUN,1,0,NA,NA,NA,NA,NA,NA,NA,NA,NA,1D
50,MALAWICEU100g80p,ancient,2D,107.95276260376,0.21,0.994,1,1,GBR,MZIGUA,0.18,SEBANTU,MZIGUA,86.2119533531709,86.2071111411702,0.68,0.21,GBR,MZIGUA,0.19,GBR,MZIGUA,1,0,NA,NA,NA,NA,NA,NA,NA,NA,NA,1D
32,JUHOANCEU200g80p,ancient,2D,152.127700838513,0.23,0.982,0.996,1,GBR,XUN,0.31,SEMI.BANTU,KHOMANI,14.7354555597585,159.385233072978,0.75,0.16,IBS,KHOMANI,0.21,GBR,XUN,1,0,NA,NA,NA,NA,NA,NA,NA,NA,NA,1D
44,JUHOANCEU400g80p,ancient,2D,15.3042086645992,0.28,0.871,0.977,0.999,IBS,KHOMANI,0.47,KHOMANI,KHOMANI,13.4775988230242,258.46795581419,0.76,0.24,TSI,KHOMANI,0.25,GBR,KARRETJIE,1,0,NA,NA,NA,NA,NA,NA,NA,NA,NA,1D
38,JUHOANCEU300g80p,ancient,2D,167.349442634259,0.33,0.93,0.973,1,IBS,KARRETJIE,0.31,KHWE,KHOMANI,19.5157286848723,212.358291443087,0.83,0.18,TSI,KHOMANI,0.2,GBR,KARRETJIE,1,0,NA,NA,NA,NA,NA,NA,NA,NA,NA,1MW
114,MALAWIJOLA300g95p,ancient,2D,1,0.16,0.643,0.997,0.999,FULAII,MZIGUA,0.29,SEMI.BANTU,MZIGUA,11.1353305011746,377.921756612182,0.71,0.13,SEMI.BANTU,MZIGUA,0.43,SEBANTU,MZIGUA,1,0,NA,NA,NA,NA,NA,NA,NA,NA,NA,1D
208,MALAWIJUHOAN300g90p,ancient,2D,1.25,0.26,0.659,0.787,0.999,SEMI.BANTU,SEBANTU,0.44,SEBANTU,MZIGUA,10.1503668327608,346.976225451064,0.77,0.2,SEMI.BANTU,SEBANTU,0.14,XUN,MZIGUA,1,0,NA,NA,NA,NA,NA,NA,NA,NA,NA,1MW
210,MALAWIJUHOAN300g95p,ancient,2D,1.53792952153677,0.23,0.687,0.911,0.999,FULAII,MZIGUA,0.39,SEBANTU,MZIGUA,12.590546923315,355.251903675397,0.76,0.19,SEMI.BANTU,MZIGUA,0.09,XUN,MZIGUA,1,0,NA,NA,NA,NA,NA,NA,NA,NA,NA,1MW
108,MALAWIJOLA200g95p,ancient,2D,1.7804979473124,0.17,0.609,0.994,0.998,FULAII,MZIGUA,0.43,MZIGUA,MZIGUA,13.1790898735386,276.870619183061,0.8,0.08,SEMI.BANTU,MZIGUA,0.4,SEBANTU,MZIGUA,1,0,NA,NA,NA,NA,NA,NA,NA,NA,NA,1D
112,MALAWIJOLA300g90p,ancient,2D,1.81022855619898,0.3,0.655,0.995,0.999,SEMI.BANTU,MZIGUA,0.31,MZIGUA,MZIGUA,10.6482981353967,387.95074364297,0.63,0.23,SEMI.BANTU,MZIGUA,0.45,MZIGUA,MZIGUA,1,0,NA,NA,NA,NA,NA,NA,NA,NA,NA,1D
70,MALAWICEU400g90p,ancient,2D,2.40067289156347,0.28,0.676,0.957,0.999,SEMI.BANTU,MZIGUA,0.49,MZIGUA,MZIGUA,9.71076009774519,405.621114110941,0.7,0.31,SEMI.BANTU,MZIGUA,0.16,GBR,MZIGUA,1,0,NA,NA,NA,NA,NA,NA,NA,NA,NA,1MW
216,MALAWIJUHOAN400g95p,ancient,2D,3.490787763267,0.31,0.701,0.983,0.999,SEMI.BANTU,MZIGUA,0.4,SEBANTU,MZIGUA,11.5070467401064,455.155157685106,0.59,0.36,SEMI.BANTU,MZIGUA,0.11,XUN,MZIGUA,1,0,NA,NA,NA,NA,NA,NA,NA,NA,NA,1D
214,MALAWIJUHOAN400g90p,ancient,2D,3.81652706755856,0.3,0.709,0.893,0.998,SEMI.BANTU,SEBANTU,0.35,SEBANTU,SEBANTU,11.1254746351128,487.262441791434,0.6,0.31,SEMI.BANTU,SEBANTU,0.14,XUN,MZIGUA,1,0,NA,NA,NA,NA,NA,NA,NA,NA,NA,1MW
110,MALAWIJOLA300g80p,ancient,2D,4.04480398615197,0.32,0.652,0.983,0.999,SEMI.BANTU,MZIGUA,0.34,SEMI.BANTU,MZIGUA,13.4934817373149,357.630533003937,0.6,0.24,SEMI.BANTU,MZIGUA,0.38,MANDINKAI,MZIGUA,1,0,NA,NA,NA,NA,NA,NA,NA,NA,NA,1D
118,MALAWIJOLA400g90p,ancient,2D,4.24182870755699,0.3,0.656,0.997,0.999,SEMI.BANTU,MZIGUA,0.48,MZIGUA,SEMI.BANTU,11.9493659130195,527.262011482694,0.52,0.31,SEMI.BANTU,MZIGUA,0.46,SEBANTU,MZIGUA,1,0,NA,NA,NA,NA,NA,NA,NA,NA,NA,1D
120,MALAWIJOLA400g95p,ancient,2D,4.65543827831742,0.24,0.688,0.998,0.999,SEMI.BANTU,MZIGUA,0.45,MZIGUA,MZIGUA,12.9932436536999,560.164157815933,0.61,0.24,SEMI.BANTU,MZIGUA,0.43,MZIGUA,MZIGUA,1,0,NA,NA,NA,NA,NA,NA,NA,NA,NA,1D
212,MALAWIJUHOAN400g80p,ancient,2D,4.74094271614178,0.35,0.813,0.932,0.999,SEMI.BANTU,SEBANTU,0.27,AMAXHOSA,SEBANTU,10.1731814431716,457.153871637065,0.62,0.3,SEMI.BANTU,SEBANTU,0.26,XUN,MZIGUA,1,0,NA,NA,NA,NA,NA,NA,NA,NA,NA,1MW
106,MALAWIJOLA200g90p,ancient,2D,5.06291607450027,0.22,0.583,0.996,0.999,MZIGUA,MZIGUA,0.34,MZIGUA,MZIGUA,12.409975735928,270.593868620935,0.73,0.16,SEMI.BANTU,MZIGUA,0.39,MZIGUA,MZIGUA,1,0,NA,NA,NA,NA,NA,NA,NA,NA,NA,1D
72,MALAWICEU400g95p,ancient,2D,5.24413935312607,0.38,0.716,0.99,0.999,SEMI.BANTU,MZIGUA,0.48,MZIGUA,MZIGUA,12.9030811448465,370.043154167281,0.69,0.36,SEMI.BANTU,MZIGUA,0.15,GBR,MZIGUA,1,0,NA,NA,NA,NA,NA,NA,NA,NA,NA,1D
109,MALAWIJOLA300g80p,main,1D,5.68237019053027,0.17,0.933,0.995,1,SEMI.BANTU,MZIGUA,0.48,MZIGUA,MZIGUA,4.90076350408076,49.3080724506511,0.06,0.23,SEMI.BANTU,MZIGUA,0.4,SEMI.BANTU,MZIGUA,1,0,NA,NA,NA,NA,NA,NA,NA,NA,NA,1D
116,MALAWIJOLA400g80p,ancient,2D,5.68237019053027,0.29,0.663,0.978,0.999,SEMI.BANTU,MZIGUA,0.46,SEMI.BANTU,SEMI.BANTU,12.5615594733432,512.463995715539,0.55,0.29,SEMI.BANTU,MZIGUA,0.42,MANDINKAI,MZIGUA,1,0,NA,NA,NA,NA,NA,NA,NA,NA,NA,1D
119,MALAWIJOLA400g95p,main,1D,5.9589416259785,0.24,0.918,1,1,SEMI.BANTU,MZIGUA,0.5,MZIGUA,MZIGUA,5.09463995989156,64.3601755832868,0.08,0.24,SEMI.BANTU,MZIGUA,0.41,SEMI.BANTU,MZIGUA,1,0,NA,NA,NA,NA,NA,NA,NA,NA,NA,1D
207,MALAWIJUHOAN300g90p,main,1D,5.96719620902954,0.22,0.933,0.985,1,SEMI.BANTU,SEBANTU,0.44,SEBANTU,SEBANTU,5.8255377577229,98.865125948468,0.09,0.21,SEMI.BANTU,SEBANTU,0.46,SEBANTU,MZIGUA,1,0,NA,NA,NA,NA,NA,NA,NA,NA,NA,1D
115,MALAWIJOLA400g80p,main,1D,6.02517049689447,0.29,0.923,0.997,0.999,SEMI.BANTU,MZIGUA,0.44,SEMI.BANTU,SEMI.BANTU,5.21171854541129,21.5753033233619,0.06,0.31,SEMI.BANTU,MZIGUA,0.43,MZIGUA,SEMI.BANTU,1,0,NA,NA,NA,NA,NA,NA,NA,NA,NA,1D
65,MALAWICEU300g95p,main,1D,6.02517049689447,0.26,0.881,0.999,1,SEMI.BANTU,MZIGUA,0.47,MZIGUA,MZIGUA,5.43824466028039,106.529531614954,0.28,0.25,SEMI.BANTU,MZIGUA,0.31,MZIGUA,MZIGUA,1,0,NA,NA,NA,NA,NA,NA,NA,NA,NA,1D
209,MALAWIJUHOAN300g95p,main,1D,6.03347999609055,0.19,0.933,0.997,1,SEMI.BANTU,MZIGUA,0.31,SEBANTU,MZIGUA,5.31117300190553,26.2133473367921,0.06,0.2,SEMI.BANTU,MZIGUA,0.44,MZIGUA,MZIGUA,1,0,NA,NA,NA,NA,NA,NA,NA,NA,NA,1D
67,MALAWICEU400g80p,main,1D,6.0751304598429,0.39,0.795,0.976,0.999,SEMI.BANTU,MZIGUA,0.37,MZIGUA,MZIGUA,5.60364401097973,52.3570263848912,0.06,0.4,SEMI.BANTU,MZIGUA,0.43,MZIGUA,MZIGUA,1,0,NA,NA,NA,NA,NA,NA,NA,NA,NA,1D
111,MALAWIJOLA300g90p,main,1D,6.125337545444,0.16,0.929,0.998,1,SEMI.BANTU,MZIGUA,0.43,MZIGUA,MZIGUA,5.83538120734391,11.0510035784393,0.05,0.4,MZIGUA,MZIGUA,0.4,SEMI.BANTU,MZIGUA,1,0,NA,NA,NA,NA,NA,NA,NA,NA,NA,1D
213,MALAWIJUHOAN400g90p,main,1D,6.14212815678941,0.34,0.923,0.998,0.999,SEMI.BANTU,SEBANTU,0.45,SEBANTU,SEBANTU,5.3692971662819,44.9755121314647,0.08,0.32,SEMI.BANTU,SEBANTU,0.36,SEBANTU,SEBANTU,1,0,NA,NA,NA,NA,NA,NA,NA,NA,NA,1D
201,MALAWIJUHOAN200g90p,main,2D,6.38867762219712,0.14,0.939,0.796,0.999,SEMI.BANTU,SEBANTU,0.48,MZIGUA,SEBANTU,5.82345964802694,126.355377627947,0.45,0.13,SEMI.BANTU,SEBANTU,0.22,XUN,MZIGUA,1,0,NA,NA,NA,NA,NA,NA,NA,NA,NA,1MW
211,MALAWIJUHOAN400g80p,main,1D,6.41451223617848,0.3,0.926,0.997,0.999,SEMI.BANTU,SEBANTU,0.4,SEBANTU,SEBANTU,5.75288427435828,31.204686924636,0.05,0.34,SEMI.BANTU,SEBANTU,0.46,SEBANTU,SEBANTU,1,0,NA,NA,NA,NA,NA,NA,NA,NA,NA,1D
69,MALAWICEU400g90p,main,1D,6.50107380979482,0.34,0.852,0.996,1,SEMI.BANTU,MZIGUA,0.45,MZIGUA,MZIGUA,5.5253756387914,22.3095005042918,0.04,0.37,SEMI.BANTU,MZIGUA,0.4,MZIGUA,MZIGUA,1,0,NA,NA,NA,NA,NA,NA,NA,NA,NA,1D
63,MALAWICEU300g90p,main,1D,6.50976772200617,0.22,0.873,0.992,1,SEMI.BANTU,MZIGUA,0.25,MZIGUA,MZIGUA,6.10855344266572,133.456286438273,0.28,0.21,SEMI.BANTU,MZIGUA,0.32,MZIGUA,MZIGUA,1,0,NA,NA,NA,NA,NA,NA,NA,NA,NA,1D
113,MALAWIJOLA300g95p,main,1D,6.7826838015503,0.17,0.924,1,1,SEMI.BANTU,MZIGUA,0.31,MZIGUA,MZIGUA,6.25261221198214,12.5028477559693,0.07,0.33,MZIGUA,MZIGUA,0.4,SEMI.BANTU,MZIGUA,1,0,NA,NA,NA,NA,NA,NA,NA,NA,NA,1D
105,MALAWIJOLA200g90p,main,1D,6.85418462238993,0.17,0.936,0.998,0.999,SEMI.BANTU,MZIGUA,0.31,MZIGUA,MZIGUA,5.62763329734838,83.8339203084288,0.24,0.19,MZIGUA,MZIGUA,0.21,MZIGUA,MZIGUA,1,0,NA,NA,NA,NA,NA,NA,NA,NA,NA,1D
59,MALAWICEU200g95p,main,2D,6.85418462238993,0.13,0.888,0.977,1,SEMI.BANTU,MZIGUA,0.37,MZIGUA,MZIGUA,6.05705816421592,152.452593770556,0.82,0.12,SEMI.BANTU,MZIGUA,0.09,GBR,MZIGUA,1,0,NA,NA,NA,NA,NA,NA,NA,NA,NA,1D
117,MALAWIJOLA400g90p,main,1D,6.94417845507115,0.26,0.905,1,1,SEMI.BANTU,MZIGUA,0.49,SEMI.BANTU,MZIGUA,5.85461737110915,13.2658031621329,0.07,0.33,SEMI.BANTU,MZIGUA,0.48,MZIGUA,SEMI.BANTU,1,0,NA,NA,NA,NA,NA,NA,NA,NA,NA,1D
215,MALAWIJUHOAN400g95p,main,1D,6.98943279084163,0.36,0.918,1,1,SEMI.BANTU,MZIGUA,0.45,SEBANTU,MZIGUA,6.02909497499701,47.1420599471365,0.06,0.39,SEMI.BANTU,MZIGUA,0.46,MZIGUA,MZIGUA,1,0,NA,NA,NA,NA,NA,NA,NA,NA,NA,1D
71,MALAWICEU400g95p,main,1D,7.08959640713209,0.4,0.876,0.999,1,SEMI.BANTU,MZIGUA,0.43,MZIGUA,MZIGUA,5.88418229736243,18.1421994244778,0.05,0.41,SEMI.BANTU,MZIGUA,0.49,MZIGUA,MZIGUA,1,0,NA,NA,NA,NA,NA,NA,NA,NA,NA,1D
103,MALAWIJOLA200g80p,main,2D,7.23677167583425,0.17,0.925,0.996,1,SEMI.BANTU,MZIGUA,0.29,MZIGUA,MZIGUA,5.83057652064313,136.844160745297,0.37,0.17,SEMI.BANTU,MZIGUA,0.45,MANDINKAII,MZIGUA,1,0,NA,NA,NA,NA,NA,NA,NA,NA,NA,1D
107,MALAWIJOLA200g95p,main,1D,7.34830636640668,0.11,0.942,0.999,1,SEMI.BANTU,MZIGUA,0.49,MZIGUA,MZIGUA,5.55421323669688,10.9706444909926,0.07,0.36,MZIGUA,MZIGUA,0.48,MZIGUA,MZIGUA,1,0,NA,NA,NA,NA,NA,NA,NA,NA,NA,1D
124,JOLAMALAWI100g90p,ancient,2D,25.1247970099384,0.19,0.737,0.876,0.999,SEMI.BANTU,SERERE,0.36,MANJAGO,SERERE,25.9725767461365,53.2192907504657,0.38,0.13,SEMI.BANTU,SERERE,0.45,MANDINKAI,SERERE,1,0,NA,NA,NA,NA,NA,NA,NA,NA,NA,1MW
204,MALAWIJUHOAN200g95p,ancient,2D,334.250485774908,0.11,0.871,0.988,0.989,XUN,MZIGUA,0.36,SEBANTU,MZIGUA,11.6821868979104,250.866452779867,0.85,0.09,SEMI.BANTU,MZIGUA,0.09,XUN,MZIGUA,1,0,NA,NA,NA,NA,NA,NA,NA,NA,NA,1D
64,MALAWICEU300g90p,ancient,U,278.008883482928,0.13,0.92,0.984,0.984,GBR,MZIGUA,0.3,SEBANTU,MZIGUA,13.6400909975119,281.021306320965,0.78,0.27,SEMI.BANTU,MZIGUA,0.15,GBR,MZIGUA,1,0,NA,NA,NA,NA,NA,NA,NA,NA,NA,U
